{"x1": -0.03818598389625549,"x2": 0.7539190053939819,"x3": -0.6361017227172852}