{"x1": 0.8594265580177307,"x2": 0.3078649044036865,"x3": -0.3972800076007843}