{"x1": 0.15468187630176544,"x2": -0.08899111300706863,"x3": 0.8420271873474121}