{"x1": 0.4506640136241913,"x2": 0.8147784471511841,"x3": 0.4637155532836914}