{"x1": -0.7842354774475098,"x2": -0.35472679138183594,"x3": -0.8134811520576477}