{"x1": 0.44996148347854614,"x2": -0.8001235723495483,"x3": -0.04220650717616081}