{"x1": -0.48591193556785583,"x2": 0.5102663636207581,"x3": 0.3900071382522583}