{"x1": 0.5563812851905823,"x2": 0.6855799555778503,"x3": -0.6452735066413879,"x4": -0.03739982098340988}