{"x1": 0.34437307715415955,"x2": 0.347582072019577,"x3": -0.322283536195755,"x4": 0.6567435264587402}