{"x1": 0.752733588218689,"x2": -0.009091964922845364,"x3": 0.16249440610408783,"x4": -0.01481762807816267}