{"x1": 0.35122954845428467,"x2": 0.1364726424217224,"x3": -0.3918238878250122,"x4": -0.6335256695747375}