{"x1": -0.5548737645149231,"x2": -0.11940902471542358,"x3": 0.07113175094127655,"x4": 0.1491939127445221}