{"x1": 0.20945531129837036,"x2": -0.604691207408905,"x3": -0.2520507276058197,"x4": 0.30635568499565125}