{"x1": 0.3253295123577118,"x2": 0.4924428462982178,"x3": 0.6907976269721985,"x4": -0.27506381273269653}