{"x1": -0.5758004072800423,"x2": -0.2832047953446192,"x3": -0.5344610970382937,"x4": 0.16746936235355842}