{"x1": 0.9362315535545349,"x2": -0.9414071440696716,"x3": -0.9219744205474854,"x4": 0.40136849880218506}
