{"x1": -0.8031971473889105,"x2": -0.12849628283032055,"x3": -0.027819220362038447,"x4": -0.5780372469332712}