{"x1": -0.7929439544677734,"x2": -0.9409855008125305,"x3": 0.8996731042861938,"x4": 0.9343748688697815}
