{"x1": -0.5136094262852895,"x2": 0.0733466377780346,"x3": 0.08536317776342009,"x4": 0.5400165805160058}