{"x1": 0.9171319603919983,"x2": 0.8942525386810303,"x3": -0.6344462037086487,"x4": 0.91021329164505}
