{"x1": -0.39958802578521185,"x2": -0.5825721925959505,"x3": 0.12638733002903133,"x4": 0.1306220051543466}