{"x1": -0.9162042140960693,"x2": 0.812224268913269,"x3": -0.9440588355064392,"x4": 0.5508261322975159}
