{"x1": 0.32739753968159674,"x2": -0.0034584919768673944,"x3": 0.09562967236648279,"x4": -0.23239402290389471}