{"x1": -0.4024282693862915,"x2": -0.9487566947937012,"x3": 0.21536633372306824,"x4": -0.9129650592803955}
