{"x1": -0.32716917991638184,"x2": 0.8042436838150024,"x3": 0.8990083336830139,"x4": -0.5743746757507324}
