{"x1": -0.3374503184880676,"x2": 0.36239709358276995,"x3": 0.521544381654982,"x4": -0.37648228376076137}