{"x1": -0.7303789480710807,"x2": -0.3080742422329343,"x3": 0.7196117140676664,"x4": 0.2902650787778523}