{"x1": 0.8904561400413513,"x2": 0.790519654750824,"x3": -0.937406599521637,"x4": -0.9384939074516296}
